<?xml version="1.0" encoding="utf-8"?>
<extension type="module" version="3.6" client="site" method="upgrade">
	<name>Jewish Calendar</name> 
	<author>Tadele Meshesha</author> 
	<creationDate>25 Oct 2016</creationDate> 
	<copyright>All rights reserved by https://he-il.joomla.com</copyright> 
	<license>GPL2</license> 
	<authorEmail>meshesha1@gmail.com</authorEmail> 
	<authorUrl>http://he-il.joomla.com/jewishcalendar</authorUrl> 
	<version>1.0.0</version> 
	<description>JEWISHCALENDAR_MODULE_DESC</description>
	<files>
		<filename module="mod_jewishcalendar">mod_jewishcalendar.php</filename>
		<filename>mod_jewishcalendar.xml</filename>
		<filename>index.html</filename>
		<filename>helper.php</filename>
		<filename>liveclock.php</filename>
		<filename>torah_cal.php</filename>
		<folder>tmpl</folder>
		<folder>css</folder>
		<folder>fields</folder>
		<folder>js</folder>
		<folder>calendar</folder>
		<folder>language</folder>
	</files>
    <languages folder="language">
        <language tag="en-GB">en-GB/en-GB.mod_jewishcalendar.ini</language>
		<language tag="en-GB">en-GB/en-GB.mod_jewishcalendar.sys.ini</language>
		<language tag="he-IL">he-IL/he-IL.mod_jewishcalendar.ini</language>
		<language tag="he-IL">he-IL/he-IL.mod_jewishcalendar.sys.ini</language>
    </languages>
    <!-- Optional parameters -->
	<config>
		<fields name="params">
                <fieldset name="basic" addfieldpath="/modules/mod_jewishcalendar/fields">
					<field
						name="items"
						type="items"
						class="chzn-select chzn-sortable"
						multiple="true"
						default="clock,jewish"
						label="JEWISHCALENDAR_STATUS_LABEL"
						description="JEWISHCALENDAR_STATUS_DESC">
					</field>
					<field
						name="timezoneoffset"
						type="timezone"
						default="UTC"
						label="JEWISHCALENDAR_TIMEZONEOFFSET_LABEL"
						description="JEWISHCALENDAR_TIMEZONEOFFSET_DESC">
						<option value="UTC">JLIB_FORM_VALUE_TIMEZONE_UTC</option>
					</field>					
					<field
						name="clock_source"
						type="radio"
						class="btn-group"
						default="client"
						label="JEWISHCALENDAR_CLOCK_SOURCE_LABEL"
						description="JEWISHCALENDAR_CLOCK_SOURCE_DESC">
						<option value="client">JEWISHCALENDAR_CLOCK_SOURCE_CLIENT</option>
						<option value="gmt">JEWISHCALENDAR_CLOCK_SOURCE_GMT</option>
					</field>					
					<field
						name="css"
						type="textarea"
						class="span6 ltr"
						rows="10"
						label="JEWISHCALENDAR_CSS_LABEL"
						description="JEWISHCALENDAR_CSS_DESC">
					</field>	
                </fieldset>
				<fieldset name="clock" label="JEWISHCALENDAR_CLOCK">
					<field
						name="clock_format"
						type="radio"
						class="btn-group"
						default="t24"
						label="JEWISHCALENDAR_CLOCK_FORMAT_LABEL"
						description="JEWISHCALENDAR_CLOCK_FORMAT_DESC">
						<option value="t24">24</option>
						<option value="t12">12</option>
					</field>
					<field
						name="clock_seconds"
						type="radio"
						default="1"
						class="btn-group"
						label="JEWISHCALENDAR_DISPLAY_SECONDS_LABEL"
						description="JEWISHCALENDAR_DISPLAY_SECONDS_DESC">
						<option value="1">JYES</option>
						<option value="0">JNO</option>
					</field>
					<field
						name="leadingZeros"
						type="radio"
						default="1"
						class="btn-group"
						label="JEWISHCALENDAR_LEADING_ZEROS_LABEL"
						description="JEWISHCALENDAR_LEADING_ZEROS_DESC">
						<option value="1">JYES</option>
						<option value="0">JNO</option>
					</field>
				</fieldset>
			<fieldset name="gregorian" label="JEWISHCALENDAR_GREGORIAN_DATE">
				<field
					name="gregorian_date_language"
					type="radio"
					class="btn-group"
					default="1"
					label="JEWISHCALENDAR_LANGUAGE_LABEL"
					description="JEWISHCALENDAR_LANGUAGE_DESC">
					<option value="1">JEWISHCALENDAR_HEBREW</option>
					<option value="0">JEWISHCALENDAR_ENGLISH</option>
				</field>
				<field
					name="gregorian_date_format"
					type="text"
					size="15"
					filter="raw"
					class="ltr"
					default = "d F Y"
					label="JGLOBAL_DATE_FORMAT_LABEL"
					description="JGLOBAL_DATE_FORMAT_DESC">
				</field>
			</fieldset>
			<fieldset name="jewish" label="JEWISHCALENDAR_JEWISH_DATE">
				<field
					name="jewish_date_language"
					type="radio"
					class="btn-group"
					default="1"
					label="JEWISHCALENDAR_LANGUAGE_LABEL"
					description="JEWISHCALENDAR_JEWISH_LANGUAGE_DESC">
					<option value="1">JEWISHCALENDAR_HEBREW</option>
					<option value="0">JEWISHCALENDAR_ENGLISH</option>
				</field>
					<field
						name="jewish_yaer"
						type="radio"
						default="1"
						class="btn-group"
						label="JEWISHCALENDAR_DISPLAY_YEAR_LABEL"
						description="JEWISHCALENDAR_DISPLAY_YEAR_DESC">
						<option value="1">JYES</option>
						<option value="0">JNO</option>
					</field>				
			</fieldset>	
			<fieldset name="Day" label="JEWISHCALENDAR_DAY_NAME">
				<field
					name="day_language"
					type="radio"
					class="btn-group"
					default="1"
					label="JEWISHCALENDAR_LANGUAGE_LABEL"
					description="JEWISHCALENDAR_JEWISH_LANGUAGE_DESC">
					<option value="1">JEWISHCALENDAR_HEBREW</option>
					<option value="0">JEWISHCALENDAR_ENGLISH</option>
				</field>
				<field
					name="dayname_format"
					type="radio"
					class="btn-group"
					default="1"
					label="JEWISHCALENDAR_DAYNAME_FORMAT_LABEL"
					description="JEWISHCALENDAR_DAYNAME_FORMAT_DESC">
					<option value="1">JEWISHCALENDAR_DAYNAME_FORMAT_REGULAR</option>
					<option value="0">JEWISHCALENDAR_DAYNAME_FORMAT_SHORT</option>
				</field>				
			</fieldset>
			<fieldset name="jewish_calendar" label="JEWISHCALENDAR_CALENDAR">
				<field name="spacer1" type="spacer" label="JEWISHCALENDAR_CALENDARS_LABEL"/>
				<field
					name="calendar_type"
					type="radio"
					class="btn-group"
					default="0"
					label="JEWISHCALENDAR_CALENDAR_TYPE_LABEL"
					description="JEWISHCALENDAR_CALENDAR_TYPE_DESC">
					<option value="1">JEWISHCALENDAR_JEWISH_TYPE</option>
					<option value="0">JEWISHCALENDAR_GREGORIAN_TYPE</option>
				</field>
				<field
					name="calendar_type_language"
					type="radio"
					class="btn-group"
					default="0"
					label="JEWISHCALENDAR_CALENDARS_LANGUAGE_LABEL"
					description="JEWISHCALENDAR_CALENDAR_LANGUAGE_DESC">
					<option value="1">JEWISHCALENDAR_HEBREW</option>
					<option value="0">JEWISHCALENDAR_ENGLISH</option>
				</field>
				<field name="spacer2" type="spacer" label="JEWISHCALENDAR_CALENDAR_SPACER_COLORS_LABEL"/>
				<field 
					name="calendar_title_bgcolor"
					type="color"
					default="#dbecfc"
					label="JEWISHCALENDAR_CALENDAR_TITLE_BGCOLOR_LABEL" 
					description="JEWISHCALENDAR_CALENDAR_TITLE_BGCOLOR_DESC">
				</field>
				<field 
					name="calendar_month_year_title_bgcolor"
					type="color"
					default="#3588fc"
					label="JEWISHCALENDAR_CALENDAR_MONTH_YEAR_TITLE_BGCOLOR_LABEL" 
					description="JEWISHCALENDAR_CALENDAR_MONTH_YEAR_TITLE_BGCOLOR_DESC">
				</field>
				<field 
					name="calendar_month_year_title_txtcolor"
					type="color"
					default="#ffffff"
					label="JEWISHCALENDAR_CALENDAR_MONTH_YEAR_TITLE_TXTCOLOR_LABEL" 
					description="JEWISHCALENDAR_CALENDAR_MONTH_YEAR_TITLE_TXTCOLOR_DESC">
				</field>				
				<field 
					name="calendar_current_month_btn_bgcolor"
					type="color"
					default="#3588fc"
					label="JEWISHCALENDAR_CALENDAR_CURRENT_MONTH_BTN_BGCOLOR_LABEL" 
					description="JEWISHCALENDAR_CALENDAR_CURRENT_MONTH_BTN_BGCOLOR_DESC">
				</field>					
				<field 
					name="calendar_weekdays_bgcolor"
					type="color"
					default="#3588fc"
					label="JEWISHCALENDAR_CALENDAR_WEEKDAYS_BGCOLOR_LABEL" 
					description="JEWISHCALENDAR_CALENDAR_WEEKDAYS_BGCOLOR_DESC">
				</field>
				<field 
					name="calendar_weekdays_txtcolor"
					type="color"
					default="#ffffff"
					label="JEWISHCALENDAR_CALENDAR_WEEKDAYS_TXTCOLOR_LABEL" 
					description="JEWISHCALENDAR_CALENDAR_WEEKDAYS_TXTCOLOR_DESC">
				</field>				
				<field 
					name="calendar_days_bgcolor"
					type="color"
					default="#ffffff"
					label="JEWISHCALENDAR_CALENDAR_DAYS_BGCOLOR_LABEL" 
					description="JEWISHCALENDAR_CALENDAR_DAYS_BGCOLOR_DESC">
				</field>
				<field 
					name="calendar_days_txtcolor"
					type="color"
					default="#3588fc"
					label="JEWISHCALENDAR_CALENDAR_DAYS_TXTCOLOR_LABEL" 
					description="JEWISHCALENDAR_CALENDAR_DAYS_TXTCOLOR_DESC">
				</field>
				<field 
					name="calendar_shabt_days_bgcolor"
					type="color"
					default="#e3edff"
					label="JEWISHCALENDAR_CALENDAR_SHABAT_DAYS_BGCOLOR_LABEL" 
					description="JEWISHCALENDAR_CALENDAR_SHABAT_DAYS_BGCOLOR_DESC">
				</field>
				<field 
					name="calendar_shabat_days_txtcolor"
					type="color"
					default="#0828fc"
					label="JEWISHCALENDAR_CALENDAR_SHABAT_DAYS_TXTCOLOR_LABEL" 
					description="JEWISHCALENDAR_CALENDAR_SHABAT_DAYS_TXTCOLOR_DESC">
				</field>				
				<field 
					name="calendar_blank_days_bgcolor"
					type="color"
					default="#dbdbdb"
					label="JEWISHCALENDAR_CALENDAR_BLANK_DAYS_BGCOLOR_LABEL" 
					description="JEWISHCALENDAR_CALENDAR_BLANK_DAYS_BGCOLOR_DESC">
				</field>				
				<field name="spacer3" type="spacer" label="JEWISHCALENDAR_EVENTS_SPACER_LABEL"/>
				<field
					name="jc_events_type"
					type="radio"
					class="btn-group jc_events_type"
					default="2"
					label="JEWISHCALENDAR_EVENT_TYPES_LABEL"
					description="JEWISHCALENDAR_EVENT_TYPES_DESC">
					<option value="0">JEWISHCALENDAR_EVENT_HOLIDAY</option>
					<option value="1">JEWISHCALENDAR_EVENT_TORAH</option>
					<option value="2">JEWISHCALENDAR_EVENT_HOLIDAY_N_TORAH</option>
				</field>
				<field
					name="holidays_language"
					type="radio"
					class="btn-group holidays_language"
					default="0"
					label="JEWISHCALENDAR_HOLIDAYS_LANGUAGE_LABEL"
					description="JEWISHCALENDAR_HOLIDAYS_LANGUAGE_DESC">
					<option value="1">JEWISHCALENDAR_HEBREW</option>
					<option value="0">JEWISHCALENDAR_ENGLISH</option>
				</field>
				<field
					name="torah_language"
					type="radio"
					class="btn-group torah_language"
					default="0"
					label="JEWISHCALENDAR_TORAH_LANGUAGE_LABEL"
					description="JEWISHCALENDAR_TORAH_LANGUAGE_DESC">
					<option value="1">JEWISHCALENDAR_HEBREW</option>
					<option value="0">JEWISHCALENDAR_ENGLISH</option>
				</field>				
				<field
					name="israeldiaspora"
					type="radio"
					class="btn-group israeldiaspora"
					default="1"
					label="JEWISHCALENDAR_ISDIASPORA_LABEL"
					description="JEWISHCALENDAR_ISDIASPORA_DESC">
					<option value="1">JEWISHCALENDAR_ISDIASPORA_ISRAEL</option>
					<option value="0">JEWISHCALENDAR_ISDIASPORA_DIASPORA</option>
				</field>
				<field
					name="postponeshushanpurim"
					type="radio"
					class="btn-group postponeshushanpurim"
					default="0"
					label="JEWISHCALENDAR_POSTPONESHUSHANPURIM_LABEL"
					description="JEWISHCALENDAR_POSTPONESHUSHANPURIM_DESC">
					<option value="1">JYES</option>
					<option value="0">JNO</option>
				</field>
				<field name="spacer" type="spacer" label="JEWISHCALENDAR_EVENTS_SPACER_COLORS_LABEL"/>
				<field 
					name="holidays_bgcolor"
					type="color"
					default="#5466a8"
					class="holidays_bgcolor"
					label="JEWISHCALENDAR_HOLIDAYS_BGCOLOR_LABEL" 
					description="JEWISHCALENDAR_HOLIDAYS_BGCOLOR_DESC">
				</field>
				<field 
					name="holidays_txtcolor"
					type="color"
					default="#ffffff"
					class="holidays_txtcolor"
					label="JEWISHCALENDAR_HOLIDAYS_TXTCOLOR_LABEL" 
					description="JEWISHCALENDAR_HOLIDAYS_TXTCOLOR_DESC">
				</field>
				<field 
					name="torah_bgcolor"
					type="color"
					default="#44b07a"
					class="torah_bgcolor"
					label="JEWISHCALENDAR_TORAH_BGCOLOR_LABEL" 
					description="JEWISHCALENDAR_TORAH_BGCOLOR_DESC">
				</field>
				<field 
					name="torah_txtcolor"
					type="color"
					default="#ffffff"
					class="torah_txtcolor"
					label="JEWISHCALENDAR_TORAH_TXTCOLOR_LABEL" 
					description="JEWISHCALENDAR_TORAH_TXTCOLOR_DESC">
				</field>
				<field name="spacer5" type="spacer" label="JEWISHCALENDAR_EVENTS_DETALS_TYPE_VIEW_SPACER_LABEL"/>
				<field
					name="jc_events_detail_type"
					type="radio"
					class="btn-group"
					default="3"
					label="JEWISHCALENDAR_EVENT_DETALS_TYPE_VIEW_LABEL"
					description="JEWISHCALENDAR_EVENT_DETALS_TYPE_VIEW_DESC">
					<option value="0">JEWISHCALENDAR_EVENT_DETALS_TYPE_VIEW_NONE</option>
					<option value="1">JEWISHCALENDAR_EVENT_DETALS_TYPE_VIEW_DAY</option>
					<option value="2">JEWISHCALENDAR_EVENT_DETALS_TYPE_VIEW_WEEK</option>
					<option value="3">JEWISHCALENDAR_EVENT_DETALS_TYPE_VIEW_MONTH</option>
				</field>				
			</fieldset>			
			<fieldset name="advanced">
				<field
					name="layout"
					type="modulelayout"
					label="JFIELD_ALT_LAYOUT_LABEL"
					description="JFIELD_ALT_MODULE_LAYOUT_DESC" />
				<field
					name="cache"
					type="hidden"
					default="0" />
			</fieldset>				
			<fieldset name="donate" label="JEWISHCALENDAR_DONATE">
				<field 
					name="note-donate" 
					class="alert alert-info" 
					type="note" 
					close="false" 
					description="JEWISHCALENDAR_DONATE_DESC">
				</field>					
			</fieldset>	
		</fields>
    </config>
	<updateservers>
		<server type="extension" priority="1" name="Jewish Calendar">https://raw.githubusercontent.com/meshesha/jewishcalendar/master/update.xml</server>
	</updateservers>	
</extension>