{"monthly": [{"id":"1","name":"Shemoth","type":"torah","startdate":"2016-01-02","enddate":"","starttime":"","endtime":"","color":"","url":""},{"id":"2","name":"Vaera","type":"torah","startdate":"2016-01-09","enddate":"","starttime":"","endtime":"","color":"","url":""},{"id":"3","name":"Bo","type":"torah","startdate":"2016-01-16","enddate":"","starttime":"","endtime":"","color":"","url":""},{"id":"4","name":"Beshallah, Shabbat Shirah","type":"torah","startdate":"2016-01-23","enddate":"","starttime":"","endtime":"","color":"","url":""},{"id":"5","name":"Tu B'Shevat","type":"holiday","startdate":"2016-01-25","enddate":"","starttime":"","endtime":"","color":"","url":""},{"id":"6","name":"Yithro","type":"torah","startdate":"2016-01-30","enddate":"","starttime":"","endtime":"","color":"","url":""},{"id":"7","name":"Mishpatim","type":"torah","startdate":"2016-02-06","enddate":"","starttime":"","endtime":"","color":"","url":""},{"id":"8","name":"Terumah","type":"torah","startdate":"2016-02-13","enddate":"","starttime":"","endtime":"","color":"","url":""},{"id":"9","name":"Tetsavveh","type":"torah","startdate":"2016-02-20","enddate":"","starttime":"","endtime":"","color":"","url":""},{"id":"10","name":"Purim Katan","type":"holiday","startdate":"2016-02-23","enddate":"","starttime":"","endtime":"","color":"","url":""},{"id":"11","name":"Shushan Purim Katan","type":"holiday","startdate":"2016-02-24","enddate":"","starttime":"","endtime":"","color":"","url":""},{"id":"12","name":"Ki Tissa","type":"torah","startdate":"2016-02-27","enddate":"","starttime":"","endtime":"","color":"","url":""},{"id":"13","name":"Vayakhel, Shabbat Shekalim","type":"torah","startdate":"2016-03-05","enddate":"","starttime":"","endtime":"","color":"","url":""},{"id":"14","name":"Pekude","type":"torah","startdate":"2016-03-12","enddate":"","starttime":"","endtime":"","color":"","url":""},{"id":"15","name":"Vayikra, Shabbat Za'hor","type":"torah","startdate":"2016-03-19","enddate":"","starttime":"","endtime":"","color":"","url":""},{"id":"16","name":"Ta'anith Esther","type":"holiday","startdate":"2016-03-23","enddate":"","starttime":"","endtime":"","color":"","url":""},{"id":"17","name":"Purim","type":"holiday","startdate":"2016-03-24","enddate":"","starttime":"","endtime":"","color":"","url":""},{"id":"18","name":"Shushan Purim","type":"holiday","startdate":"2016-03-25","enddate":"","starttime":"","endtime":"","color":"","url":""},{"id":"19","name":"Tsav","type":"torah","startdate":"2016-03-26","enddate":"","starttime":"","endtime":"","color":"","url":""},{"id":"20","name":"Shemini, Shabbat Parah","type":"torah","startdate":"2016-04-02","enddate":"","starttime":"","endtime":"","color":"","url":""},{"id":"21","name":"Tazria, Shabbat Hahodesh","type":"torah","startdate":"2016-04-09","enddate":"","starttime":"","endtime":"","color":"","url":""},{"id":"22","name":"Shabbat Hagadol","type":"holiday","startdate":"2016-04-16","enddate":"","starttime":"","endtime":"","color":"","url":""},{"id":"23","name":"Metsora","type":"torah","startdate":"2016-04-16","enddate":"","starttime":"","endtime":"","color":"","url":""},{"id":"24","name":"Erev Pesach","type":"holiday","startdate":"2016-04-22","enddate":"","starttime":"","endtime":"","color":"","url":""},{"id":"25","name":"Pesach I","type":"holiday","startdate":"2016-04-23","enddate":"","starttime":"","endtime":"","color":"","url":""},{"id":"26","name":"Pesach II","type":"holiday","startdate":"2016-04-24","enddate":"","starttime":"","endtime":"","color":"","url":""},{"id":"27","name":"Hol Hamoed Pesach","type":"holiday","startdate":"2016-04-25","enddate":"","starttime":"","endtime":"","color":"","url":""},{"id":"28","name":"Hol Hamoed Pesach","type":"holiday","startdate":"2016-04-26","enddate":"","starttime":"","endtime":"","color":"","url":""},{"id":"29","name":"Hol Hamoed Pesach","type":"holiday","startdate":"2016-04-27","enddate":"","starttime":"","endtime":"","color":"","url":""},{"id":"30","name":"Hol Hamoed Pesach","type":"holiday","startdate":"2016-04-28","enddate":"","starttime":"","endtime":"","color":"","url":""},{"id":"31","name":"Pesach VII","type":"holiday","startdate":"2016-04-29","enddate":"","starttime":"","endtime":"","color":"","url":""},{"id":"32","name":"Pesach VIII","type":"holiday","startdate":"2016-04-30","enddate":"","starttime":"","endtime":"","color":"","url":""},{"id":"33","name":"Isru Chag","type":"holiday","startdate":"2016-05-01","enddate":"","starttime":"","endtime":"","color":"","url":""},{"id":"34","name":"Yom Hashoah","type":"holiday","startdate":"2016-05-05","enddate":"","starttime":"","endtime":"","color":"","url":""},{"id":"35","name":"Aharemoth","type":"torah","startdate":"2016-05-07","enddate":"","starttime":"","endtime":"","color":"","url":""},{"id":"36","name":"Yom Hazikaron","type":"holiday","startdate":"2016-05-11","enddate":"","starttime":"","endtime":"","color":"","url":""},{"id":"37","name":"Yom Ha'Atzmaut","type":"holiday","startdate":"2016-05-12","enddate":"","starttime":"","endtime":"","color":"","url":""},{"id":"38","name":"Kedoshim","type":"torah","startdate":"2016-05-14","enddate":"","starttime":"","endtime":"","color":"","url":""},{"id":"39","name":"Emor","type":"torah","startdate":"2016-05-21","enddate":"","starttime":"","endtime":"","color":"","url":""},{"id":"40","name":"Pesach Sheini","type":"holiday","startdate":"2016-05-22","enddate":"","starttime":"","endtime":"","color":"","url":""},{"id":"41","name":"Lag B'Omer","type":"holiday","startdate":"2016-05-26","enddate":"","starttime":"","endtime":"","color":"","url":""},{"id":"42","name":"Behar","type":"torah","startdate":"2016-05-28","enddate":"","starttime":"","endtime":"","color":"","url":""},{"id":"43","name":"Behukkothai","type":"torah","startdate":"2016-06-04","enddate":"","starttime":"","endtime":"","color":"","url":""},{"id":"44","name":"Yom Yerushalayim","type":"holiday","startdate":"2016-06-05","enddate":"","starttime":"","endtime":"","color":"","url":""},{"id":"45","name":"Erev Shavuot","type":"holiday","startdate":"2016-06-11","enddate":"","starttime":"","endtime":"","color":"","url":""},{"id":"46","name":"Bemidbar","type":"torah","startdate":"2016-06-11","enddate":"","starttime":"","endtime":"","color":"","url":""},{"id":"47","name":"Shavuot I","type":"holiday","startdate":"2016-06-12","enddate":"","starttime":"","endtime":"","color":"","url":""},{"id":"48","name":"Shavuot II","type":"holiday","startdate":"2016-06-13","enddate":"","starttime":"","endtime":"","color":"","url":""},{"id":"49","name":"Isru Chag","type":"holiday","startdate":"2016-06-14","enddate":"","starttime":"","endtime":"","color":"","url":""},{"id":"50","name":"Naso","type":"torah","startdate":"2016-06-18","enddate":"","starttime":"","endtime":"","color":"","url":""},{"id":"51","name":"Behaaloteha","type":"torah","startdate":"2016-06-25","enddate":"","starttime":"","endtime":"","color":"","url":""},{"id":"52","name":"Shelah Leha","type":"torah","startdate":"2016-07-02","enddate":"","starttime":"","endtime":"","color":"","url":""},{"id":"53","name":"Korah","type":"torah","startdate":"2016-07-09","enddate":"","starttime":"","endtime":"","color":"","url":""},{"id":"54","name":"Hukath","type":"torah","startdate":"2016-07-16","enddate":"","starttime":"","endtime":"","color":"","url":""},{"id":"55","name":"Balak","type":"torah","startdate":"2016-07-23","enddate":"","starttime":"","endtime":"","color":"","url":""},{"id":"56","name":"Tzom Tammuz","type":"holiday","startdate":"2016-07-24","enddate":"","starttime":"","endtime":"","color":"","url":""},{"id":"57","name":"Pinhas","type":"torah","startdate":"2016-07-30","enddate":"","starttime":"","endtime":"","color":"","url":""},{"id":"58","name":"Matoth, Maseh","type":"torah","startdate":"2016-08-06","enddate":"","starttime":"","endtime":"","color":"","url":""},{"id":"59","name":"Debarim, Shabbat Hazon","type":"torah","startdate":"2016-08-13","enddate":"","starttime":"","endtime":"","color":"","url":""},{"id":"60","name":"Tisha B'Av","type":"holiday","startdate":"2016-08-14","enddate":"","starttime":"","endtime":"","color":"","url":""},{"id":"61","name":"Tu B'Av","type":"holiday","startdate":"2016-08-19","enddate":"","starttime":"","endtime":"","color":"","url":""},{"id":"62","name":"Vaethanan, Shabbat Nahamu","type":"torah","startdate":"2016-08-20","enddate":"","starttime":"","endtime":"","color":"","url":""},{"id":"63","name":"Ekeb","type":"torah","startdate":"2016-08-27","enddate":"","starttime":"","endtime":"","color":"","url":""},{"id":"64","name":"Reeh","type":"torah","startdate":"2016-09-03","enddate":"","starttime":"","endtime":"","color":"","url":""},{"id":"65","name":"Shofetim","type":"torah","startdate":"2016-09-10","enddate":"","starttime":"","endtime":"","color":"","url":""},{"id":"66","name":"Ki Tetse","type":"torah","startdate":"2016-09-17","enddate":"","starttime":"","endtime":"","color":"","url":""},{"id":"67","name":"Ki Tabo","type":"torah","startdate":"2016-09-24","enddate":"","starttime":"","endtime":"","color":"","url":""},{"id":"68","name":"Nitsabim","type":"torah","startdate":"2016-10-01","enddate":"","starttime":"","endtime":"","color":"","url":""},{"id":"69","name":"Erev Rosh Hashanah","type":"holiday","startdate":"2016-10-02","enddate":"","starttime":"","endtime":"","color":"","url":""},{"id":"70","name":"Rosh Hashanah I","type":"holiday","startdate":"2016-10-03","enddate":"","starttime":"","endtime":"","color":"","url":""},{"id":"71","name":"Rosh Hashanah II","type":"holiday","startdate":"2016-10-04","enddate":"","starttime":"","endtime":"","color":"","url":""},{"id":"72","name":"Tzom Gedaliah","type":"holiday","startdate":"2016-10-05","enddate":"","starttime":"","endtime":"","color":"","url":""},{"id":"73","name":"Vayeleh, Shabbat Shuva","type":"torah","startdate":"2016-10-08","enddate":"","starttime":"","endtime":"","color":"","url":""},{"id":"74","name":"Erev Yom Kippur","type":"holiday","startdate":"2016-10-11","enddate":"","starttime":"","endtime":"","color":"","url":""},{"id":"75","name":"Yom Kippur","type":"holiday","startdate":"2016-10-12","enddate":"","starttime":"","endtime":"","color":"","url":""},{"id":"76","name":"Haazinu","type":"torah","startdate":"2016-10-15","enddate":"","starttime":"","endtime":"","color":"","url":""},{"id":"77","name":"Erev Sukkot","type":"holiday","startdate":"2016-10-16","enddate":"","starttime":"","endtime":"","color":"","url":""},{"id":"78","name":"Sukkot I","type":"holiday","startdate":"2016-10-17","enddate":"","starttime":"","endtime":"","color":"","url":""},{"id":"79","name":"Sukkot II","type":"holiday","startdate":"2016-10-18","enddate":"","starttime":"","endtime":"","color":"","url":""},{"id":"80","name":"Hol Hamoed Sukkot","type":"holiday","startdate":"2016-10-19","enddate":"","starttime":"","endtime":"","color":"","url":""},{"id":"81","name":"Hol Hamoed Sukkot","type":"holiday","startdate":"2016-10-20","enddate":"","starttime":"","endtime":"","color":"","url":""},{"id":"82","name":"Hol Hamoed Sukkot","type":"holiday","startdate":"2016-10-21","enddate":"","starttime":"","endtime":"","color":"","url":""},{"id":"83","name":"Hol Hamoed Sukkot","type":"holiday","startdate":"2016-10-22","enddate":"","starttime":"","endtime":"","color":"","url":""},{"id":"84","name":"Hoshana Rabbah","type":"holiday","startdate":"2016-10-23","enddate":"","starttime":"","endtime":"","color":"","url":""},{"id":"85","name":"Shemini Azeret","type":"holiday","startdate":"2016-10-24","enddate":"","starttime":"","endtime":"","color":"","url":""},{"id":"86","name":"Simchat Torah","type":"holiday","startdate":"2016-10-25","enddate":"","starttime":"","endtime":"","color":"","url":""},{"id":"87","name":"Isru Chag","type":"holiday","startdate":"2016-10-26","enddate":"","starttime":"","endtime":"","color":"","url":""},{"id":"88","name":"Bereshith","type":"torah","startdate":"2016-10-29","enddate":"","starttime":"","endtime":"","color":"","url":""},{"id":"89","name":"Noah","type":"torah","startdate":"2016-11-05","enddate":"","starttime":"","endtime":"","color":"","url":""},{"id":"90","name":"Le'h Leha","type":"torah","startdate":"2016-11-12","enddate":"","starttime":"","endtime":"","color":"","url":""},{"id":"91","name":"Vayera","type":"torah","startdate":"2016-11-19","enddate":"","starttime":"","endtime":"","color":"","url":""},{"id":"92","name":"Haye Sarah","type":"torah","startdate":"2016-11-26","enddate":"","starttime":"","endtime":"","color":"","url":""},{"id":"93","name":"Toledoth","type":"torah","startdate":"2016-12-03","enddate":"","starttime":"","endtime":"","color":"","url":""},{"id":"94","name":"Vayetse","type":"torah","startdate":"2016-12-10","enddate":"","starttime":"","endtime":"","color":"","url":""},{"id":"95","name":"Vayishlah","type":"torah","startdate":"2016-12-17","enddate":"","starttime":"","endtime":"","color":"","url":""},{"id":"96","name":"Vayesheb","type":"torah","startdate":"2016-12-24","enddate":"","starttime":"","endtime":"","color":"","url":""},{"id":"97","name":"Hanukkah I","type":"holiday","startdate":"2016-12-25","enddate":"","starttime":"","endtime":"","color":"","url":""},{"id":"98","name":"Hanukkah II","type":"holiday","startdate":"2016-12-26","enddate":"","starttime":"","endtime":"","color":"","url":""},{"id":"99","name":"Hanukkah III","type":"holiday","startdate":"2016-12-27","enddate":"","starttime":"","endtime":"","color":"","url":""},{"id":"100","name":"Hanukkah IV","type":"holiday","startdate":"2016-12-28","enddate":"","starttime":"","endtime":"","color":"","url":""},{"id":"101","name":"Hanukkah V","type":"holiday","startdate":"2016-12-29","enddate":"","starttime":"","endtime":"","color":"","url":""},{"id":"102","name":"Hanukkah VI","type":"holiday","startdate":"2016-12-30","enddate":"","starttime":"","endtime":"","color":"","url":""},{"id":"103","name":"Hanukkah VII","type":"holiday","startdate":"2016-12-31","enddate":"","starttime":"","endtime":"","color":"","url":""},{"id":"104","name":"Mikkets","type":"torah","startdate":"2016-12-31","enddate":"","starttime":"","endtime":"","color":"","url":""},{"id":"105","name":"Hanukkah VIII","type":"holiday","startdate":"2017-01-01","enddate":"","starttime":"","endtime":"","color":"","url":""},{"id":"106","name":"Vayiggash","type":"torah","startdate":"2017-01-07","enddate":"","starttime":"","endtime":"","color":"","url":""},{"id":"107","name":"Tzom Tevet","type":"holiday","startdate":"2017-01-08","enddate":"","starttime":"","endtime":"","color":"","url":""},{"id":"108","name":"Vayhee","type":"torah","startdate":"2017-01-14","enddate":"","starttime":"","endtime":"","color":"","url":""},{"id":"109","name":"Shemoth","type":"torah","startdate":"2017-01-21","enddate":"","starttime":"","endtime":"","color":"","url":""},{"id":"110","name":"Vaera","type":"torah","startdate":"2017-01-28","enddate":"","starttime":"","endtime":"","color":"","url":""},{"id":"111","name":"Bo","type":"torah","startdate":"2017-02-04","enddate":"","starttime":"","endtime":"","color":"","url":""},{"id":"112","name":"Tu B'Shevat","type":"holiday","startdate":"2017-02-11","enddate":"","starttime":"","endtime":"","color":"","url":""},{"id":"113","name":"Beshallah, Shabbat Shirah","type":"torah","startdate":"2017-02-11","enddate":"","starttime":"","endtime":"","color":"","url":""},{"id":"114","name":"Yithro","type":"torah","startdate":"2017-02-18","enddate":"","starttime":"","endtime":"","color":"","url":""},{"id":"115","name":"Mishpatim, Shabbat Shekalim","type":"torah","startdate":"2017-02-25","enddate":"","starttime":"","endtime":"","color":"","url":""},{"id":"116","name":"Terumah","type":"torah","startdate":"2017-03-04","enddate":"","starttime":"","endtime":"","color":"","url":""},{"id":"117","name":"Ta'anith Esther","type":"holiday","startdate":"2017-03-09","enddate":"","starttime":"","endtime":"","color":"","url":""},{"id":"118","name":"Tetsavveh, Shabbat Za'hor","type":"torah","startdate":"2017-03-11","enddate":"","starttime":"","endtime":"","color":"","url":""},{"id":"119","name":"Purim","type":"holiday","startdate":"2017-03-12","enddate":"","starttime":"","endtime":"","color":"","url":""},{"id":"120","name":"Shushan Purim","type":"holiday","startdate":"2017-03-13","enddate":"","starttime":"","endtime":"","color":"","url":""},{"id":"121","name":"Ki Tissa, Shabbat Parah","type":"torah","startdate":"2017-03-18","enddate":"","starttime":"","endtime":"","color":"","url":""},{"id":"122","name":"Vayakhel, Pekude, Shabbat Hahodesh","type":"torah","startdate":"2017-03-25","enddate":"","starttime":"","endtime":"","color":"","url":""},{"id":"123","name":"Vayikra","type":"torah","startdate":"2017-04-01","enddate":"","starttime":"","endtime":"","color":"","url":""},{"id":"124","name":"Shabbat Hagadol","type":"holiday","startdate":"2017-04-08","enddate":"","starttime":"","endtime":"","color":"","url":""},{"id":"125","name":"Tsav","type":"torah","startdate":"2017-04-08","enddate":"","starttime":"","endtime":"","color":"","url":""},{"id":"126","name":"Erev Pesach","type":"holiday","startdate":"2017-04-10","enddate":"","starttime":"","endtime":"","color":"","url":""},{"id":"127","name":"Pesach I","type":"holiday","startdate":"2017-04-11","enddate":"","starttime":"","endtime":"","color":"","url":""},{"id":"128","name":"Pesach II","type":"holiday","startdate":"2017-04-12","enddate":"","starttime":"","endtime":"","color":"","url":""},{"id":"129","name":"Hol Hamoed Pesach","type":"holiday","startdate":"2017-04-13","enddate":"","starttime":"","endtime":"","color":"","url":""},{"id":"130","name":"Hol Hamoed Pesach","type":"holiday","startdate":"2017-04-14","enddate":"","starttime":"","endtime":"","color":"","url":""},{"id":"131","name":"Hol Hamoed Pesach","type":"holiday","startdate":"2017-04-15","enddate":"","starttime":"","endtime":"","color":"","url":""},{"id":"132","name":"Hol Hamoed Pesach","type":"holiday","startdate":"2017-04-16","enddate":"","starttime":"","endtime":"","color":"","url":""},{"id":"133","name":"Pesach VII","type":"holiday","startdate":"2017-04-17","enddate":"","starttime":"","endtime":"","color":"","url":""},{"id":"134","name":"Pesach VIII","type":"holiday","startdate":"2017-04-18","enddate":"","starttime":"","endtime":"","color":"","url":""},{"id":"135","name":"Isru Chag","type":"holiday","startdate":"2017-04-19","enddate":"","starttime":"","endtime":"","color":"","url":""},{"id":"136","name":"Shemini","type":"torah","startdate":"2017-04-22","enddate":"","starttime":"","endtime":"","color":"","url":""},{"id":"137","name":"Yom Hashoah","type":"holiday","startdate":"2017-04-24","enddate":"","starttime":"","endtime":"","color":"","url":""},{"id":"138","name":"Tazria, Metsora","type":"torah","startdate":"2017-04-29","enddate":"","starttime":"","endtime":"","color":"","url":""},{"id":"139","name":"Yom Hazikaron","type":"holiday","startdate":"2017-05-01","enddate":"","starttime":"","endtime":"","color":"","url":""},{"id":"140","name":"Yom Ha'Atzmaut","type":"holiday","startdate":"2017-05-02","enddate":"","starttime":"","endtime":"","color":"","url":""},{"id":"141","name":"Aharemoth, Kedoshim","type":"torah","startdate":"2017-05-06","enddate":"","starttime":"","endtime":"","color":"","url":""},{"id":"142","name":"Pesach Sheini","type":"holiday","startdate":"2017-05-10","enddate":"","starttime":"","endtime":"","color":"","url":""},{"id":"143","name":"Emor","type":"torah","startdate":"2017-05-13","enddate":"","starttime":"","endtime":"","color":"","url":""},{"id":"144","name":"Lag B'Omer","type":"holiday","startdate":"2017-05-14","enddate":"","starttime":"","endtime":"","color":"","url":""},{"id":"145","name":"Behar, Behukkothai","type":"torah","startdate":"2017-05-20","enddate":"","starttime":"","endtime":"","color":"","url":""},{"id":"146","name":"Yom Yerushalayim","type":"holiday","startdate":"2017-05-24","enddate":"","starttime":"","endtime":"","color":"","url":""},{"id":"147","name":"Bemidbar","type":"torah","startdate":"2017-05-27","enddate":"","starttime":"","endtime":"","color":"","url":""},{"id":"148","name":"Erev Shavuot","type":"holiday","startdate":"2017-05-30","enddate":"","starttime":"","endtime":"","color":"","url":""},{"id":"149","name":"Shavuot I","type":"holiday","startdate":"2017-05-31","enddate":"","starttime":"","endtime":"","color":"","url":""},{"id":"150","name":"Shavuot II","type":"holiday","startdate":"2017-06-01","enddate":"","starttime":"","endtime":"","color":"","url":""},{"id":"151","name":"Isru Chag","type":"holiday","startdate":"2017-06-02","enddate":"","starttime":"","endtime":"","color":"","url":""},{"id":"152","name":"Naso","type":"torah","startdate":"2017-06-03","enddate":"","starttime":"","endtime":"","color":"","url":""},{"id":"153","name":"Behaaloteha","type":"torah","startdate":"2017-06-10","enddate":"","starttime":"","endtime":"","color":"","url":""},{"id":"154","name":"Shelah Leha","type":"torah","startdate":"2017-06-17","enddate":"","starttime":"","endtime":"","color":"","url":""},{"id":"155","name":"Korah","type":"torah","startdate":"2017-06-24","enddate":"","starttime":"","endtime":"","color":"","url":""},{"id":"156","name":"Hukath","type":"torah","startdate":"2017-07-01","enddate":"","starttime":"","endtime":"","color":"","url":""},{"id":"157","name":"Balak","type":"torah","startdate":"2017-07-08","enddate":"","starttime":"","endtime":"","color":"","url":""},{"id":"158","name":"Tzom Tammuz","type":"holiday","startdate":"2017-07-11","enddate":"","starttime":"","endtime":"","color":"","url":""},{"id":"159","name":"Pinhas","type":"torah","startdate":"2017-07-15","enddate":"","starttime":"","endtime":"","color":"","url":""},{"id":"160","name":"Matoth, Maseh","type":"torah","startdate":"2017-07-22","enddate":"","starttime":"","endtime":"","color":"","url":""},{"id":"161","name":"Debarim, Shabbat Hazon","type":"torah","startdate":"2017-07-29","enddate":"","starttime":"","endtime":"","color":"","url":""},{"id":"162","name":"Tisha B'Av","type":"holiday","startdate":"2017-08-01","enddate":"","starttime":"","endtime":"","color":"","url":""},{"id":"163","name":"Vaethanan, Shabbat Nahamu","type":"torah","startdate":"2017-08-05","enddate":"","starttime":"","endtime":"","color":"","url":""},{"id":"164","name":"Tu B'Av","type":"holiday","startdate":"2017-08-07","enddate":"","starttime":"","endtime":"","color":"","url":""},{"id":"165","name":"Ekeb","type":"torah","startdate":"2017-08-12","enddate":"","starttime":"","endtime":"","color":"","url":""},{"id":"166","name":"Reeh","type":"torah","startdate":"2017-08-19","enddate":"","starttime":"","endtime":"","color":"","url":""},{"id":"167","name":"Shofetim","type":"torah","startdate":"2017-08-26","enddate":"","starttime":"","endtime":"","color":"","url":""},{"id":"168","name":"Ki Tetse","type":"torah","startdate":"2017-09-02","enddate":"","starttime":"","endtime":"","color":"","url":""},{"id":"169","name":"Ki Tabo","type":"torah","startdate":"2017-09-09","enddate":"","starttime":"","endtime":"","color":"","url":""},{"id":"170","name":"Nitsabim, Vayeleh","type":"torah","startdate":"2017-09-16","enddate":"","starttime":"","endtime":"","color":"","url":""},{"id":"171","name":"Erev Rosh Hashanah","type":"holiday","startdate":"2017-09-20","enddate":"","starttime":"","endtime":"","color":"","url":""},{"id":"172","name":"Rosh Hashanah I","type":"holiday","startdate":"2017-09-21","enddate":"","starttime":"","endtime":"","color":"","url":""},{"id":"173","name":"Rosh Hashanah II","type":"holiday","startdate":"2017-09-22","enddate":"","starttime":"","endtime":"","color":"","url":""},{"id":"174","name":"Haazinu, Shabbat Shuva","type":"torah","startdate":"2017-09-23","enddate":"","starttime":"","endtime":"","color":"","url":""},{"id":"175","name":"Tzom Gedaliah","type":"holiday","startdate":"2017-09-24","enddate":"","starttime":"","endtime":"","color":"","url":""},{"id":"176","name":"Erev Yom Kippur","type":"holiday","startdate":"2017-09-29","enddate":"","starttime":"","endtime":"","color":"","url":""},{"id":"177","name":"Yom Kippur","type":"holiday","startdate":"2017-09-30","enddate":"","starttime":"","endtime":"","color":"","url":""},{"id":"178","name":"Erev Sukkot","type":"holiday","startdate":"2017-10-04","enddate":"","starttime":"","endtime":"","color":"","url":""},{"id":"179","name":"Sukkot I","type":"holiday","startdate":"2017-10-05","enddate":"","starttime":"","endtime":"","color":"","url":""},{"id":"180","name":"Sukkot II","type":"holiday","startdate":"2017-10-06","enddate":"","starttime":"","endtime":"","color":"","url":""},{"id":"181","name":"Hol Hamoed Sukkot","type":"holiday","startdate":"2017-10-07","enddate":"","starttime":"","endtime":"","color":"","url":""},{"id":"182","name":"Hol Hamoed Sukkot","type":"holiday","startdate":"2017-10-08","enddate":"","starttime":"","endtime":"","color":"","url":""},{"id":"183","name":"Hol Hamoed Sukkot","type":"holiday","startdate":"2017-10-09","enddate":"","starttime":"","endtime":"","color":"","url":""},{"id":"184","name":"Hol Hamoed Sukkot","type":"holiday","startdate":"2017-10-10","enddate":"","starttime":"","endtime":"","color":"","url":""},{"id":"185","name":"Hoshana Rabbah","type":"holiday","startdate":"2017-10-11","enddate":"","starttime":"","endtime":"","color":"","url":""},{"id":"186","name":"Shemini Azeret","type":"holiday","startdate":"2017-10-12","enddate":"","starttime":"","endtime":"","color":"","url":""},{"id":"187","name":"Simchat Torah","type":"holiday","startdate":"2017-10-13","enddate":"","starttime":"","endtime":"","color":"","url":""},{"id":"188","name":"Isru Chag","type":"holiday","startdate":"2017-10-14","enddate":"","starttime":"","endtime":"","color":"","url":""},{"id":"189","name":"Bereshith","type":"torah","startdate":"2017-10-14","enddate":"","starttime":"","endtime":"","color":"","url":""},{"id":"190","name":"Noah","type":"torah","startdate":"2017-10-21","enddate":"","starttime":"","endtime":"","color":"","url":""},{"id":"191","name":"Le'h Leha","type":"torah","startdate":"2017-10-28","enddate":"","starttime":"","endtime":"","color":"","url":""},{"id":"192","name":"Vayera","type":"torah","startdate":"2017-11-04","enddate":"","starttime":"","endtime":"","color":"","url":""},{"id":"193","name":"Haye Sarah","type":"torah","startdate":"2017-11-11","enddate":"","starttime":"","endtime":"","color":"","url":""},{"id":"194","name":"Toledoth","type":"torah","startdate":"2017-11-18","enddate":"","starttime":"","endtime":"","color":"","url":""},{"id":"195","name":"Vayetse","type":"torah","startdate":"2017-11-25","enddate":"","starttime":"","endtime":"","color":"","url":""},{"id":"196","name":"Vayishlah","type":"torah","startdate":"2017-12-02","enddate":"","starttime":"","endtime":"","color":"","url":""},{"id":"197","name":"Vayesheb","type":"torah","startdate":"2017-12-09","enddate":"","starttime":"","endtime":"","color":"","url":""},{"id":"198","name":"Hanukkah I","type":"holiday","startdate":"2017-12-13","enddate":"","starttime":"","endtime":"","color":"","url":""},{"id":"199","name":"Hanukkah II","type":"holiday","startdate":"2017-12-14","enddate":"","starttime":"","endtime":"","color":"","url":""},{"id":"200","name":"Hanukkah III","type":"holiday","startdate":"2017-12-15","enddate":"","starttime":"","endtime":"","color":"","url":""},{"id":"201","name":"Hanukkah IV","type":"holiday","startdate":"2017-12-16","enddate":"","starttime":"","endtime":"","color":"","url":""},{"id":"202","name":"Mikkets","type":"torah","startdate":"2017-12-16","enddate":"","starttime":"","endtime":"","color":"","url":""},{"id":"203","name":"Hanukkah V","type":"holiday","startdate":"2017-12-17","enddate":"","starttime":"","endtime":"","color":"","url":""},{"id":"204","name":"Hanukkah VI","type":"holiday","startdate":"2017-12-18","enddate":"","starttime":"","endtime":"","color":"","url":""},{"id":"205","name":"Hanukkah VII","type":"holiday","startdate":"2017-12-19","enddate":"","starttime":"","endtime":"","color":"","url":""},{"id":"206","name":"Hanukkah VIII","type":"holiday","startdate":"2017-12-20","enddate":"","starttime":"","endtime":"","color":"","url":""},{"id":"207","name":"Vayiggash","type":"torah","startdate":"2017-12-23","enddate":"","starttime":"","endtime":"","color":"","url":""},{"id":"208","name":"Tzom Tevet","type":"holiday","startdate":"2017-12-28","enddate":"","starttime":"","endtime":"","color":"","url":""},{"id":"209","name":"Vayhee","type":"torah","startdate":"2017-12-30","enddate":"","starttime":"","endtime":"","color":"","url":""},{"id":"210","name":"Shemoth","type":"torah","startdate":"2018-01-06","enddate":"","starttime":"","endtime":"","color":"","url":""},{"id":"211","name":"Vaera","type":"torah","startdate":"2018-01-13","enddate":"","starttime":"","endtime":"","color":"","url":""},{"id":"212","name":"Bo","type":"torah","startdate":"2018-01-20","enddate":"","starttime":"","endtime":"","color":"","url":""},{"id":"213","name":"Beshallah, Shabbat Shirah","type":"torah","startdate":"2018-01-27","enddate":"","starttime":"","endtime":"","color":"","url":""},{"id":"214","name":"Tu B'Shevat","type":"holiday","startdate":"2018-01-31","enddate":"","starttime":"","endtime":"","color":"","url":""},{"id":"215","name":"Yithro","type":"torah","startdate":"2018-02-03","enddate":"","starttime":"","endtime":"","color":"","url":""},{"id":"216","name":"Mishpatim, Shabbat Shekalim","type":"torah","startdate":"2018-02-10","enddate":"","starttime":"","endtime":"","color":"","url":""},{"id":"217","name":"Terumah","type":"torah","startdate":"2018-02-17","enddate":"","starttime":"","endtime":"","color":"","url":""},{"id":"218","name":"Tetsavveh, Shabbat Za'hor","type":"torah","startdate":"2018-02-24","enddate":"","starttime":"","endtime":"","color":"","url":""},{"id":"219","name":"Ta'anith Esther","type":"holiday","startdate":"2018-02-28","enddate":"","starttime":"","endtime":"","color":"","url":""},{"id":"220","name":"Purim","type":"holiday","startdate":"2018-03-01","enddate":"","starttime":"","endtime":"","color":"","url":""},{"id":"221","name":"Shushan Purim","type":"holiday","startdate":"2018-03-02","enddate":"","starttime":"","endtime":"","color":"","url":""},{"id":"222","name":"Ki Tissa","type":"torah","startdate":"2018-03-03","enddate":"","starttime":"","endtime":"","color":"","url":""},{"id":"223","name":"Vayakhel, Pekude, Shabbat Parah","type":"torah","startdate":"2018-03-10","enddate":"","starttime":"","endtime":"","color":"","url":""},{"id":"224","name":"Vayikra, Shabbat Hahodesh","type":"torah","startdate":"2018-03-17","enddate":"","starttime":"","endtime":"","color":"","url":""},{"id":"225","name":"Shabbat Hagadol","type":"holiday","startdate":"2018-03-24","enddate":"","starttime":"","endtime":"","color":"","url":""},{"id":"226","name":"Tsav","type":"torah","startdate":"2018-03-24","enddate":"","starttime":"","endtime":"","color":"","url":""},{"id":"227","name":"Erev Pesach","type":"holiday","startdate":"2018-03-30","enddate":"","starttime":"","endtime":"","color":"","url":""},{"id":"228","name":"Pesach I","type":"holiday","startdate":"2018-03-31","enddate":"","starttime":"","endtime":"","color":"","url":""},{"id":"229","name":"Pesach II","type":"holiday","startdate":"2018-04-01","enddate":"","starttime":"","endtime":"","color":"","url":""},{"id":"230","name":"Hol Hamoed Pesach","type":"holiday","startdate":"2018-04-02","enddate":"","starttime":"","endtime":"","color":"","url":""},{"id":"231","name":"Hol Hamoed Pesach","type":"holiday","startdate":"2018-04-03","enddate":"","starttime":"","endtime":"","color":"","url":""},{"id":"232","name":"Hol Hamoed Pesach","type":"holiday","startdate":"2018-04-04","enddate":"","starttime":"","endtime":"","color":"","url":""},{"id":"233","name":"Hol Hamoed Pesach","type":"holiday","startdate":"2018-04-05","enddate":"","starttime":"","endtime":"","color":"","url":""},{"id":"234","name":"Pesach VII","type":"holiday","startdate":"2018-04-06","enddate":"","starttime":"","endtime":"","color":"","url":""},{"id":"235","name":"Pesach VIII","type":"holiday","startdate":"2018-04-07","enddate":"","starttime":"","endtime":"","color":"","url":""},{"id":"236","name":"Isru Chag","type":"holiday","startdate":"2018-04-08","enddate":"","starttime":"","endtime":"","color":"","url":""},{"id":"237","name":"Yom Hashoah","type":"holiday","startdate":"2018-04-12","enddate":"","starttime":"","endtime":"","color":"","url":""},{"id":"238","name":"Shemini","type":"torah","startdate":"2018-04-14","enddate":"","starttime":"","endtime":"","color":"","url":""},{"id":"239","name":"Yom Hazikaron","type":"holiday","startdate":"2018-04-18","enddate":"","starttime":"","endtime":"","color":"","url":""},{"id":"240","name":"Yom Ha'Atzmaut","type":"holiday","startdate":"2018-04-19","enddate":"","starttime":"","endtime":"","color":"","url":""},{"id":"241","name":"Tazria, Metsora","type":"torah","startdate":"2018-04-21","enddate":"","starttime":"","endtime":"","color":"","url":""},{"id":"242","name":"Aharemoth, Kedoshim","type":"torah","startdate":"2018-04-28","enddate":"","starttime":"","endtime":"","color":"","url":""},{"id":"243","name":"Pesach Sheini","type":"holiday","startdate":"2018-04-29","enddate":"","starttime":"","endtime":"","color":"","url":""},{"id":"244","name":"Lag B'Omer","type":"holiday","startdate":"2018-05-03","enddate":"","starttime":"","endtime":"","color":"","url":""},{"id":"245","name":"Emor","type":"torah","startdate":"2018-05-05","enddate":"","starttime":"","endtime":"","color":"","url":""},{"id":"246","name":"Behar, Behukkothai","type":"torah","startdate":"2018-05-12","enddate":"","starttime":"","endtime":"","color":"","url":""},{"id":"247","name":"Yom Yerushalayim","type":"holiday","startdate":"2018-05-13","enddate":"","starttime":"","endtime":"","color":"","url":""},{"id":"248","name":"Erev Shavuot","type":"holiday","startdate":"2018-05-19","enddate":"","starttime":"","endtime":"","color":"","url":""},{"id":"249","name":"Bemidbar","type":"torah","startdate":"2018-05-19","enddate":"","starttime":"","endtime":"","color":"","url":""},{"id":"250","name":"Shavuot I","type":"holiday","startdate":"2018-05-20","enddate":"","starttime":"","endtime":"","color":"","url":""},{"id":"251","name":"Shavuot II","type":"holiday","startdate":"2018-05-21","enddate":"","starttime":"","endtime":"","color":"","url":""},{"id":"252","name":"Isru Chag","type":"holiday","startdate":"2018-05-22","enddate":"","starttime":"","endtime":"","color":"","url":""},{"id":"253","name":"Naso","type":"torah","startdate":"2018-05-26","enddate":"","starttime":"","endtime":"","color":"","url":""},{"id":"254","name":"Behaaloteha","type":"torah","startdate":"2018-06-02","enddate":"","starttime":"","endtime":"","color":"","url":""},{"id":"255","name":"Shelah Leha","type":"torah","startdate":"2018-06-09","enddate":"","starttime":"","endtime":"","color":"","url":""},{"id":"256","name":"Korah","type":"torah","startdate":"2018-06-16","enddate":"","starttime":"","endtime":"","color":"","url":""},{"id":"257","name":"Hukath","type":"torah","startdate":"2018-06-23","enddate":"","starttime":"","endtime":"","color":"","url":""},{"id":"258","name":"Balak","type":"torah","startdate":"2018-06-30","enddate":"","starttime":"","endtime":"","color":"","url":""},{"id":"259","name":"Tzom Tammuz","type":"holiday","startdate":"2018-07-01","enddate":"","starttime":"","endtime":"","color":"","url":""},{"id":"260","name":"Pinhas","type":"torah","startdate":"2018-07-07","enddate":"","starttime":"","endtime":"","color":"","url":""},{"id":"261","name":"Matoth, Maseh","type":"torah","startdate":"2018-07-14","enddate":"","starttime":"","endtime":"","color":"","url":""},{"id":"262","name":"Debarim, Shabbat Hazon","type":"torah","startdate":"2018-07-21","enddate":"","starttime":"","endtime":"","color":"","url":""},{"id":"263","name":"Tisha B'Av","type":"holiday","startdate":"2018-07-22","enddate":"","starttime":"","endtime":"","color":"","url":""},{"id":"264","name":"Tu B'Av","type":"holiday","startdate":"2018-07-27","enddate":"","starttime":"","endtime":"","color":"","url":""},{"id":"265","name":"Vaethanan, Shabbat Nahamu","type":"torah","startdate":"2018-07-28","enddate":"","starttime":"","endtime":"","color":"","url":""},{"id":"266","name":"Ekeb","type":"torah","startdate":"2018-08-04","enddate":"","starttime":"","endtime":"","color":"","url":""},{"id":"267","name":"Reeh","type":"torah","startdate":"2018-08-11","enddate":"","starttime":"","endtime":"","color":"","url":""},{"id":"268","name":"Shofetim","type":"torah","startdate":"2018-08-18","enddate":"","starttime":"","endtime":"","color":"","url":""},{"id":"269","name":"Ki Tetse","type":"torah","startdate":"2018-08-25","enddate":"","starttime":"","endtime":"","color":"","url":""},{"id":"270","name":"Ki Tabo","type":"torah","startdate":"2018-09-01","enddate":"","starttime":"","endtime":"","color":"","url":""},{"id":"271","name":"Nitsabim","type":"torah","startdate":"2018-09-08","enddate":"","starttime":"","endtime":"","color":"","url":""},{"id":"272","name":"Erev Rosh Hashanah","type":"holiday","startdate":"2018-09-09","enddate":"","starttime":"","endtime":"","color":"","url":""},{"id":"273","name":"Rosh Hashanah I","type":"holiday","startdate":"2018-09-10","enddate":"","starttime":"","endtime":"","color":"","url":""},{"id":"274","name":"Rosh Hashanah II","type":"holiday","startdate":"2018-09-11","enddate":"","starttime":"","endtime":"","color":"","url":""},{"id":"275","name":"Tzom Gedaliah","type":"holiday","startdate":"2018-09-12","enddate":"","starttime":"","endtime":"","color":"","url":""},{"id":"276","name":"Vayeleh, Shabbat Shuva","type":"torah","startdate":"2018-09-15","enddate":"","starttime":"","endtime":"","color":"","url":""},{"id":"277","name":"Erev Yom Kippur","type":"holiday","startdate":"2018-09-18","enddate":"","starttime":"","endtime":"","color":"","url":""},{"id":"278","name":"Yom Kippur","type":"holiday","startdate":"2018-09-19","enddate":"","starttime":"","endtime":"","color":"","url":""},{"id":"279","name":"Haazinu","type":"torah","startdate":"2018-09-22","enddate":"","starttime":"","endtime":"","color":"","url":""},{"id":"280","name":"Erev Sukkot","type":"holiday","startdate":"2018-09-23","enddate":"","starttime":"","endtime":"","color":"","url":""},{"id":"281","name":"Sukkot I","type":"holiday","startdate":"2018-09-24","enddate":"","starttime":"","endtime":"","color":"","url":""},{"id":"282","name":"Sukkot II","type":"holiday","startdate":"2018-09-25","enddate":"","starttime":"","endtime":"","color":"","url":""},{"id":"283","name":"Hol Hamoed Sukkot","type":"holiday","startdate":"2018-09-26","enddate":"","starttime":"","endtime":"","color":"","url":""},{"id":"284","name":"Hol Hamoed Sukkot","type":"holiday","startdate":"2018-09-27","enddate":"","starttime":"","endtime":"","color":"","url":""},{"id":"285","name":"Hol Hamoed Sukkot","type":"holiday","startdate":"2018-09-28","enddate":"","starttime":"","endtime":"","color":"","url":""},{"id":"286","name":"Hol Hamoed Sukkot","type":"holiday","startdate":"2018-09-29","enddate":"","starttime":"","endtime":"","color":"","url":""},{"id":"287","name":"Hoshana Rabbah","type":"holiday","startdate":"2018-09-30","enddate":"","starttime":"","endtime":"","color":"","url":""},{"id":"288","name":"Shemini Azeret","type":"holiday","startdate":"2018-10-01","enddate":"","starttime":"","endtime":"","color":"","url":""},{"id":"289","name":"Simchat Torah","type":"holiday","startdate":"2018-10-02","enddate":"","starttime":"","endtime":"","color":"","url":""},{"id":"290","name":"Isru Chag","type":"holiday","startdate":"2018-10-03","enddate":"","starttime":"","endtime":"","color":"","url":""},{"id":"291","name":"Bereshith","type":"torah","startdate":"2018-10-06","enddate":"","starttime":"","endtime":"","color":"","url":""},{"id":"292","name":"Noah","type":"torah","startdate":"2018-10-13","enddate":"","starttime":"","endtime":"","color":"","url":""},{"id":"293","name":"Le'h Leha","type":"torah","startdate":"2018-10-20","enddate":"","starttime":"","endtime":"","color":"","url":""},{"id":"294","name":"Vayera","type":"torah","startdate":"2018-10-27","enddate":"","starttime":"","endtime":"","color":"","url":""},{"id":"295","name":"Haye Sarah","type":"torah","startdate":"2018-11-03","enddate":"","starttime":"","endtime":"","color":"","url":""},{"id":"296","name":"Toledoth","type":"torah","startdate":"2018-11-10","enddate":"","starttime":"","endtime":"","color":"","url":""},{"id":"297","name":"Vayetse","type":"torah","startdate":"2018-11-17","enddate":"","starttime":"","endtime":"","color":"","url":""},{"id":"298","name":"Vayishlah","type":"torah","startdate":"2018-11-24","enddate":"","starttime":"","endtime":"","color":"","url":""},{"id":"299","name":"Vayesheb","type":"torah","startdate":"2018-12-01","enddate":"","starttime":"","endtime":"","color":"","url":""},{"id":"300","name":"Hanukkah I","type":"holiday","startdate":"2018-12-03","enddate":"","starttime":"","endtime":"","color":"","url":""},{"id":"301","name":"Hanukkah II","type":"holiday","startdate":"2018-12-04","enddate":"","starttime":"","endtime":"","color":"","url":""},{"id":"302","name":"Hanukkah III","type":"holiday","startdate":"2018-12-05","enddate":"","starttime":"","endtime":"","color":"","url":""},{"id":"303","name":"Hanukkah IV","type":"holiday","startdate":"2018-12-06","enddate":"","starttime":"","endtime":"","color":"","url":""},{"id":"304","name":"Hanukkah V","type":"holiday","startdate":"2018-12-07","enddate":"","starttime":"","endtime":"","color":"","url":""},{"id":"305","name":"Hanukkah VI","type":"holiday","startdate":"2018-12-08","enddate":"","starttime":"","endtime":"","color":"","url":""},{"id":"306","name":"Mikkets","type":"torah","startdate":"2018-12-08","enddate":"","starttime":"","endtime":"","color":"","url":""},{"id":"307","name":"Hanukkah VII","type":"holiday","startdate":"2018-12-09","enddate":"","starttime":"","endtime":"","color":"","url":""},{"id":"308","name":"Hanukkah VIII","type":"holiday","startdate":"2018-12-10","enddate":"","starttime":"","endtime":"","color":"","url":""},{"id":"309","name":"Vayiggash","type":"torah","startdate":"2018-12-15","enddate":"","starttime":"","endtime":"","color":"","url":""},{"id":"310","name":"Tzom Tevet","type":"holiday","startdate":"2018-12-18","enddate":"","starttime":"","endtime":"","color":"","url":""},{"id":"311","name":"Vayhee","type":"torah","startdate":"2018-12-22","enddate":"","starttime":"","endtime":"","color":"","url":""},{"id":"312","name":"Shemoth","type":"torah","startdate":"2018-12-29","enddate":"","starttime":"","endtime":"","color":"","url":""},{"id":"313","name":"Vaera","type":"torah","startdate":"2019-01-05","enddate":"","starttime":"","endtime":"","color":"","url":""},{"id":"314","name":"Bo","type":"torah","startdate":"2019-01-12","enddate":"","starttime":"","endtime":"","color":"","url":""},{"id":"315","name":"Beshallah, Shabbat Shirah","type":"torah","startdate":"2019-01-19","enddate":"","starttime":"","endtime":"","color":"","url":""},{"id":"316","name":"Tu B'Shevat","type":"holiday","startdate":"2019-01-21","enddate":"","starttime":"","endtime":"","color":"","url":""},{"id":"317","name":"Yithro","type":"torah","startdate":"2019-01-26","enddate":"","starttime":"","endtime":"","color":"","url":""},{"id":"318","name":"Mishpatim","type":"torah","startdate":"2019-02-02","enddate":"","starttime":"","endtime":"","color":"","url":""},{"id":"319","name":"Terumah","type":"torah","startdate":"2019-02-09","enddate":"","starttime":"","endtime":"","color":"","url":""},{"id":"320","name":"Tetsavveh","type":"torah","startdate":"2019-02-16","enddate":"","starttime":"","endtime":"","color":"","url":""},{"id":"321","name":"Purim Katan","type":"holiday","startdate":"2019-02-19","enddate":"","starttime":"","endtime":"","color":"","url":""},{"id":"322","name":"Shushan Purim Katan","type":"holiday","startdate":"2019-02-20","enddate":"","starttime":"","endtime":"","color":"","url":""},{"id":"323","name":"Ki Tissa","type":"torah","startdate":"2019-02-23","enddate":"","starttime":"","endtime":"","color":"","url":""},{"id":"324","name":"Vayakhel, Shabbat Shekalim","type":"torah","startdate":"2019-03-02","enddate":"","starttime":"","endtime":"","color":"","url":""},{"id":"325","name":"Pekude","type":"torah","startdate":"2019-03-09","enddate":"","starttime":"","endtime":"","color":"","url":""},{"id":"326","name":"Vayikra, Shabbat Za'hor","type":"torah","startdate":"2019-03-16","enddate":"","starttime":"","endtime":"","color":"","url":""},{"id":"327","name":"Ta'anith Esther","type":"holiday","startdate":"2019-03-20","enddate":"","starttime":"","endtime":"","color":"","url":""},{"id":"328","name":"Purim","type":"holiday","startdate":"2019-03-21","enddate":"","starttime":"","endtime":"","color":"","url":""},{"id":"329","name":"Shushan Purim","type":"holiday","startdate":"2019-03-22","enddate":"","starttime":"","endtime":"","color":"","url":""},{"id":"330","name":"Tsav","type":"torah","startdate":"2019-03-23","enddate":"","starttime":"","endtime":"","color":"","url":""},{"id":"331","name":"Shemini, Shabbat Parah","type":"torah","startdate":"2019-03-30","enddate":"","starttime":"","endtime":"","color":"","url":""},{"id":"332","name":"Tazria, Shabbat Hahodesh","type":"torah","startdate":"2019-04-06","enddate":"","starttime":"","endtime":"","color":"","url":""},{"id":"333","name":"Shabbat Hagadol","type":"holiday","startdate":"2019-04-13","enddate":"","starttime":"","endtime":"","color":"","url":""},{"id":"334","name":"Metsora","type":"torah","startdate":"2019-04-13","enddate":"","starttime":"","endtime":"","color":"","url":""},{"id":"335","name":"Erev Pesach","type":"holiday","startdate":"2019-04-19","enddate":"","starttime":"","endtime":"","color":"","url":""},{"id":"336","name":"Pesach I","type":"holiday","startdate":"2019-04-20","enddate":"","starttime":"","endtime":"","color":"","url":""},{"id":"337","name":"Pesach II","type":"holiday","startdate":"2019-04-21","enddate":"","starttime":"","endtime":"","color":"","url":""},{"id":"338","name":"Hol Hamoed Pesach","type":"holiday","startdate":"2019-04-22","enddate":"","starttime":"","endtime":"","color":"","url":""},{"id":"339","name":"Hol Hamoed Pesach","type":"holiday","startdate":"2019-04-23","enddate":"","starttime":"","endtime":"","color":"","url":""},{"id":"340","name":"Hol Hamoed Pesach","type":"holiday","startdate":"2019-04-24","enddate":"","starttime":"","endtime":"","color":"","url":""},{"id":"341","name":"Hol Hamoed Pesach","type":"holiday","startdate":"2019-04-25","enddate":"","starttime":"","endtime":"","color":"","url":""},{"id":"342","name":"Pesach VII","type":"holiday","startdate":"2019-04-26","enddate":"","starttime":"","endtime":"","color":"","url":""},{"id":"343","name":"Pesach VIII","type":"holiday","startdate":"2019-04-27","enddate":"","starttime":"","endtime":"","color":"","url":""},{"id":"344","name":"Isru Chag","type":"holiday","startdate":"2019-04-28","enddate":"","starttime":"","endtime":"","color":"","url":""},{"id":"345","name":"Yom Hashoah","type":"holiday","startdate":"2019-05-02","enddate":"","starttime":"","endtime":"","color":"","url":""},{"id":"346","name":"Aharemoth","type":"torah","startdate":"2019-05-04","enddate":"","starttime":"","endtime":"","color":"","url":""},{"id":"347","name":"Yom Hazikaron","type":"holiday","startdate":"2019-05-08","enddate":"","starttime":"","endtime":"","color":"","url":""},{"id":"348","name":"Yom Ha'Atzmaut","type":"holiday","startdate":"2019-05-09","enddate":"","starttime":"","endtime":"","color":"","url":""},{"id":"349","name":"Kedoshim","type":"torah","startdate":"2019-05-11","enddate":"","starttime":"","endtime":"","color":"","url":""},{"id":"350","name":"Emor","type":"torah","startdate":"2019-05-18","enddate":"","starttime":"","endtime":"","color":"","url":""},{"id":"351","name":"Pesach Sheini","type":"holiday","startdate":"2019-05-19","enddate":"","starttime":"","endtime":"","color":"","url":""},{"id":"352","name":"Lag B'Omer","type":"holiday","startdate":"2019-05-23","enddate":"","starttime":"","endtime":"","color":"","url":""},{"id":"353","name":"Behar","type":"torah","startdate":"2019-05-25","enddate":"","starttime":"","endtime":"","color":"","url":""},{"id":"354","name":"Behukkothai","type":"torah","startdate":"2019-06-01","enddate":"","starttime":"","endtime":"","color":"","url":""},{"id":"355","name":"Yom Yerushalayim","type":"holiday","startdate":"2019-06-02","enddate":"","starttime":"","endtime":"","color":"","url":""},{"id":"356","name":"Erev Shavuot","type":"holiday","startdate":"2019-06-08","enddate":"","starttime":"","endtime":"","color":"","url":""},{"id":"357","name":"Bemidbar","type":"torah","startdate":"2019-06-08","enddate":"","starttime":"","endtime":"","color":"","url":""},{"id":"358","name":"Shavuot I","type":"holiday","startdate":"2019-06-09","enddate":"","starttime":"","endtime":"","color":"","url":""},{"id":"359","name":"Shavuot II","type":"holiday","startdate":"2019-06-10","enddate":"","starttime":"","endtime":"","color":"","url":""},{"id":"360","name":"Isru Chag","type":"holiday","startdate":"2019-06-11","enddate":"","starttime":"","endtime":"","color":"","url":""},{"id":"361","name":"Naso","type":"torah","startdate":"2019-06-15","enddate":"","starttime":"","endtime":"","color":"","url":""},{"id":"362","name":"Behaaloteha","type":"torah","startdate":"2019-06-22","enddate":"","starttime":"","endtime":"","color":"","url":""},{"id":"363","name":"Shelah Leha","type":"torah","startdate":"2019-06-29","enddate":"","starttime":"","endtime":"","color":"","url":""},{"id":"364","name":"Korah","type":"torah","startdate":"2019-07-06","enddate":"","starttime":"","endtime":"","color":"","url":""},{"id":"365","name":"Hukath","type":"torah","startdate":"2019-07-13","enddate":"","starttime":"","endtime":"","color":"","url":""},{"id":"366","name":"Balak","type":"torah","startdate":"2019-07-20","enddate":"","starttime":"","endtime":"","color":"","url":""},{"id":"367","name":"Tzom Tammuz","type":"holiday","startdate":"2019-07-21","enddate":"","starttime":"","endtime":"","color":"","url":""},{"id":"368","name":"Pinhas","type":"torah","startdate":"2019-07-27","enddate":"","starttime":"","endtime":"","color":"","url":""},{"id":"369","name":"Matoth, Maseh","type":"torah","startdate":"2019-08-03","enddate":"","starttime":"","endtime":"","color":"","url":""},{"id":"370","name":"Debarim, Shabbat Hazon","type":"torah","startdate":"2019-08-10","enddate":"","starttime":"","endtime":"","color":"","url":""},{"id":"371","name":"Tisha B'Av","type":"holiday","startdate":"2019-08-11","enddate":"","starttime":"","endtime":"","color":"","url":""},{"id":"372","name":"Tu B'Av","type":"holiday","startdate":"2019-08-16","enddate":"","starttime":"","endtime":"","color":"","url":""},{"id":"373","name":"Vaethanan, Shabbat Nahamu","type":"torah","startdate":"2019-08-17","enddate":"","starttime":"","endtime":"","color":"","url":""},{"id":"374","name":"Ekeb","type":"torah","startdate":"2019-08-24","enddate":"","starttime":"","endtime":"","color":"","url":""},{"id":"375","name":"Reeh","type":"torah","startdate":"2019-08-31","enddate":"","starttime":"","endtime":"","color":"","url":""},{"id":"376","name":"Shofetim","type":"torah","startdate":"2019-09-07","enddate":"","starttime":"","endtime":"","color":"","url":""},{"id":"377","name":"Ki Tetse","type":"torah","startdate":"2019-09-14","enddate":"","starttime":"","endtime":"","color":"","url":""},{"id":"378","name":"Ki Tabo","type":"torah","startdate":"2019-09-21","enddate":"","starttime":"","endtime":"","color":"","url":""},{"id":"379","name":"Nitsabim","type":"torah","startdate":"2019-09-28","enddate":"","starttime":"","endtime":"","color":"","url":""},{"id":"380","name":"Erev Rosh Hashanah","type":"holiday","startdate":"2019-09-29","enddate":"","starttime":"","endtime":"","color":"","url":""},{"id":"381","name":"Rosh Hashanah I","type":"holiday","startdate":"2019-09-30","enddate":"","starttime":"","endtime":"","color":"","url":""},{"id":"382","name":"Rosh Hashanah II","type":"holiday","startdate":"2019-10-01","enddate":"","starttime":"","endtime":"","color":"","url":""},{"id":"383","name":"Tzom Gedaliah","type":"holiday","startdate":"2019-10-02","enddate":"","starttime":"","endtime":"","color":"","url":""},{"id":"384","name":"Vayeleh, Shabbat Shuva","type":"torah","startdate":"2019-10-05","enddate":"","starttime":"","endtime":"","color":"","url":""},{"id":"385","name":"Erev Yom Kippur","type":"holiday","startdate":"2019-10-08","enddate":"","starttime":"","endtime":"","color":"","url":""},{"id":"386","name":"Yom Kippur","type":"holiday","startdate":"2019-10-09","enddate":"","starttime":"","endtime":"","color":"","url":""},{"id":"387","name":"Haazinu","type":"torah","startdate":"2019-10-12","enddate":"","starttime":"","endtime":"","color":"","url":""},{"id":"388","name":"Erev Sukkot","type":"holiday","startdate":"2019-10-13","enddate":"","starttime":"","endtime":"","color":"","url":""},{"id":"389","name":"Sukkot I","type":"holiday","startdate":"2019-10-14","enddate":"","starttime":"","endtime":"","color":"","url":""},{"id":"390","name":"Sukkot II","type":"holiday","startdate":"2019-10-15","enddate":"","starttime":"","endtime":"","color":"","url":""},{"id":"391","name":"Hol Hamoed Sukkot","type":"holiday","startdate":"2019-10-16","enddate":"","starttime":"","endtime":"","color":"","url":""},{"id":"392","name":"Hol Hamoed Sukkot","type":"holiday","startdate":"2019-10-17","enddate":"","starttime":"","endtime":"","color":"","url":""},{"id":"393","name":"Hol Hamoed Sukkot","type":"holiday","startdate":"2019-10-18","enddate":"","starttime":"","endtime":"","color":"","url":""},{"id":"394","name":"Hol Hamoed Sukkot","type":"holiday","startdate":"2019-10-19","enddate":"","starttime":"","endtime":"","color":"","url":""},{"id":"395","name":"Hoshana Rabbah","type":"holiday","startdate":"2019-10-20","enddate":"","starttime":"","endtime":"","color":"","url":""},{"id":"396","name":"Shemini Azeret","type":"holiday","startdate":"2019-10-21","enddate":"","starttime":"","endtime":"","color":"","url":""},{"id":"397","name":"Simchat Torah","type":"holiday","startdate":"2019-10-22","enddate":"","starttime":"","endtime":"","color":"","url":""},{"id":"398","name":"Isru Chag","type":"holiday","startdate":"2019-10-23","enddate":"","starttime":"","endtime":"","color":"","url":""},{"id":"399","name":"Bereshith","type":"torah","startdate":"2019-10-26","enddate":"","starttime":"","endtime":"","color":"","url":""},{"id":"400","name":"Noah","type":"torah","startdate":"2019-11-02","enddate":"","starttime":"","endtime":"","color":"","url":""},{"id":"401","name":"Le'h Leha","type":"torah","startdate":"2019-11-09","enddate":"","starttime":"","endtime":"","color":"","url":""},{"id":"402","name":"Vayera","type":"torah","startdate":"2019-11-16","enddate":"","starttime":"","endtime":"","color":"","url":""},{"id":"403","name":"Haye Sarah","type":"torah","startdate":"2019-11-23","enddate":"","starttime":"","endtime":"","color":"","url":""},{"id":"404","name":"Toledoth","type":"torah","startdate":"2019-11-30","enddate":"","starttime":"","endtime":"","color":"","url":""},{"id":"405","name":"Vayetse","type":"torah","startdate":"2019-12-07","enddate":"","starttime":"","endtime":"","color":"","url":""},{"id":"406","name":"Vayishlah","type":"torah","startdate":"2019-12-14","enddate":"","starttime":"","endtime":"","color":"","url":""},{"id":"407","name":"Vayesheb","type":"torah","startdate":"2019-12-21","enddate":"","starttime":"","endtime":"","color":"","url":""},{"id":"408","name":"Hanukkah I","type":"holiday","startdate":"2019-12-23","enddate":"","starttime":"","endtime":"","color":"","url":""},{"id":"409","name":"Hanukkah II","type":"holiday","startdate":"2019-12-24","enddate":"","starttime":"","endtime":"","color":"","url":""},{"id":"410","name":"Hanukkah III","type":"holiday","startdate":"2019-12-25","enddate":"","starttime":"","endtime":"","color":"","url":""},{"id":"411","name":"Hanukkah IV","type":"holiday","startdate":"2019-12-26","enddate":"","starttime":"","endtime":"","color":"","url":""},{"id":"412","name":"Hanukkah V","type":"holiday","startdate":"2019-12-27","enddate":"","starttime":"","endtime":"","color":"","url":""},{"id":"413","name":"Hanukkah VI","type":"holiday","startdate":"2019-12-28","enddate":"","starttime":"","endtime":"","color":"","url":""},{"id":"414","name":"Mikkets","type":"torah","startdate":"2019-12-28","enddate":"","starttime":"","endtime":"","color":"","url":""},{"id":"415","name":"Hanukkah VII","type":"holiday","startdate":"2019-12-29","enddate":"","starttime":"","endtime":"","color":"","url":""},{"id":"416","name":"Hanukkah VIII","type":"holiday","startdate":"2019-12-30","enddate":"","starttime":"","endtime":"","color":"","url":""},{"id":"417","name":"Vayiggash","type":"torah","startdate":"2020-01-04","enddate":"","starttime":"","endtime":"","color":"","url":""},{"id":"418","name":"Tzom Tevet","type":"holiday","startdate":"2020-01-07","enddate":"","starttime":"","endtime":"","color":"","url":""},{"id":"419","name":"Vayhee","type":"torah","startdate":"2020-01-11","enddate":"","starttime":"","endtime":"","color":"","url":""},{"id":"420","name":"Shemoth","type":"torah","startdate":"2020-01-18","enddate":"","starttime":"","endtime":"","color":"","url":""},{"id":"421","name":"Vaera","type":"torah","startdate":"2020-01-25","enddate":"","starttime":"","endtime":"","color":"","url":""},{"id":"422","name":"Bo","type":"torah","startdate":"2020-02-01","enddate":"","starttime":"","endtime":"","color":"","url":""},{"id":"423","name":"Beshallah, Shabbat Shirah","type":"torah","startdate":"2020-02-08","enddate":"","starttime":"","endtime":"","color":"","url":""},{"id":"424","name":"Tu B'Shevat","type":"holiday","startdate":"2020-02-10","enddate":"","starttime":"","endtime":"","color":"","url":""},{"id":"425","name":"Yithro","type":"torah","startdate":"2020-02-15","enddate":"","starttime":"","endtime":"","color":"","url":""},{"id":"426","name":"Mishpatim, Shabbat Shekalim","type":"torah","startdate":"2020-02-22","enddate":"","starttime":"","endtime":"","color":"","url":""},{"id":"427","name":"Terumah","type":"torah","startdate":"2020-02-29","enddate":"","starttime":"","endtime":"","color":"","url":""},{"id":"428","name":"Tetsavveh, Shabbat Za'hor","type":"torah","startdate":"2020-03-07","enddate":"","starttime":"","endtime":"","color":"","url":""},{"id":"429","name":"Ta'anith Esther","type":"holiday","startdate":"2020-03-09","enddate":"","starttime":"","endtime":"","color":"","url":""},{"id":"430","name":"Purim","type":"holiday","startdate":"2020-03-10","enddate":"","starttime":"","endtime":"","color":"","url":""},{"id":"431","name":"Shushan Purim","type":"holiday","startdate":"2020-03-11","enddate":"","starttime":"","endtime":"","color":"","url":""},{"id":"432","name":"Ki Tissa, Shabbat Parah","type":"torah","startdate":"2020-03-14","enddate":"","starttime":"","endtime":"","color":"","url":""},{"id":"433","name":"Vayakhel, Pekude, Shabbat Hahodesh","type":"torah","startdate":"2020-03-21","enddate":"","starttime":"","endtime":"","color":"","url":""},{"id":"434","name":"Vayikra","type":"torah","startdate":"2020-03-28","enddate":"","starttime":"","endtime":"","color":"","url":""},{"id":"435","name":"Shabbat Hagadol","type":"holiday","startdate":"2020-04-04","enddate":"","starttime":"","endtime":"","color":"","url":""},{"id":"436","name":"Tsav","type":"torah","startdate":"2020-04-04","enddate":"","starttime":"","endtime":"","color":"","url":""},{"id":"437","name":"Erev Pesach","type":"holiday","startdate":"2020-04-08","enddate":"","starttime":"","endtime":"","color":"","url":""},{"id":"438","name":"Pesach I","type":"holiday","startdate":"2020-04-09","enddate":"","starttime":"","endtime":"","color":"","url":""},{"id":"439","name":"Pesach II","type":"holiday","startdate":"2020-04-10","enddate":"","starttime":"","endtime":"","color":"","url":""},{"id":"440","name":"Hol Hamoed Pesach","type":"holiday","startdate":"2020-04-11","enddate":"","starttime":"","endtime":"","color":"","url":""},{"id":"441","name":"Hol Hamoed Pesach","type":"holiday","startdate":"2020-04-12","enddate":"","starttime":"","endtime":"","color":"","url":""},{"id":"442","name":"Hol Hamoed Pesach","type":"holiday","startdate":"2020-04-13","enddate":"","starttime":"","endtime":"","color":"","url":""},{"id":"443","name":"Hol Hamoed Pesach","type":"holiday","startdate":"2020-04-14","enddate":"","starttime":"","endtime":"","color":"","url":""},{"id":"444","name":"Pesach VII","type":"holiday","startdate":"2020-04-15","enddate":"","starttime":"","endtime":"","color":"","url":""},{"id":"445","name":"Pesach VIII","type":"holiday","startdate":"2020-04-16","enddate":"","starttime":"","endtime":"","color":"","url":""},{"id":"446","name":"Isru Chag","type":"holiday","startdate":"2020-04-17","enddate":"","starttime":"","endtime":"","color":"","url":""},{"id":"447","name":"Shemini","type":"torah","startdate":"2020-04-18","enddate":"","starttime":"","endtime":"","color":"","url":""},{"id":"448","name":"Yom Hashoah","type":"holiday","startdate":"2020-04-21","enddate":"","starttime":"","endtime":"","color":"","url":""},{"id":"449","name":"Tazria, Metsora","type":"torah","startdate":"2020-04-25","enddate":"","starttime":"","endtime":"","color":"","url":""},{"id":"450","name":"Yom Hazikaron","type":"holiday","startdate":"2020-04-28","enddate":"","starttime":"","endtime":"","color":"","url":""},{"id":"451","name":"Yom Ha'Atzmaut","type":"holiday","startdate":"2020-04-29","enddate":"","starttime":"","endtime":"","color":"","url":""},{"id":"452","name":"Aharemoth, Kedoshim","type":"torah","startdate":"2020-05-02","enddate":"","starttime":"","endtime":"","color":"","url":""},{"id":"453","name":"Pesach Sheini","type":"holiday","startdate":"2020-05-08","enddate":"","starttime":"","endtime":"","color":"","url":""},{"id":"454","name":"Emor","type":"torah","startdate":"2020-05-09","enddate":"","starttime":"","endtime":"","color":"","url":""},{"id":"455","name":"Lag B'Omer","type":"holiday","startdate":"2020-05-12","enddate":"","starttime":"","endtime":"","color":"","url":""},{"id":"456","name":"Behar, Behukkothai","type":"torah","startdate":"2020-05-16","enddate":"","starttime":"","endtime":"","color":"","url":""},{"id":"457","name":"Yom Yerushalayim","type":"holiday","startdate":"2020-05-22","enddate":"","starttime":"","endtime":"","color":"","url":""},{"id":"458","name":"Bemidbar","type":"torah","startdate":"2020-05-23","enddate":"","starttime":"","endtime":"","color":"","url":""},{"id":"459","name":"Erev Shavuot","type":"holiday","startdate":"2020-05-28","enddate":"","starttime":"","endtime":"","color":"","url":""},{"id":"460","name":"Shavuot I","type":"holiday","startdate":"2020-05-29","enddate":"","starttime":"","endtime":"","color":"","url":""},{"id":"461","name":"Shavuot II","type":"holiday","startdate":"2020-05-30","enddate":"","starttime":"","endtime":"","color":"","url":""},{"id":"462","name":"Isru Chag","type":"holiday","startdate":"2020-05-31","enddate":"","starttime":"","endtime":"","color":"","url":""},{"id":"463","name":"Naso","type":"torah","startdate":"2020-06-06","enddate":"","starttime":"","endtime":"","color":"","url":""},{"id":"464","name":"Behaaloteha","type":"torah","startdate":"2020-06-13","enddate":"","starttime":"","endtime":"","color":"","url":""},{"id":"465","name":"Shelah Leha","type":"torah","startdate":"2020-06-20","enddate":"","starttime":"","endtime":"","color":"","url":""},{"id":"466","name":"Korah","type":"torah","startdate":"2020-06-27","enddate":"","starttime":"","endtime":"","color":"","url":""},{"id":"467","name":"Hukath, Balak","type":"torah","startdate":"2020-07-04","enddate":"","starttime":"","endtime":"","color":"","url":""},{"id":"468","name":"Tzom Tammuz","type":"holiday","startdate":"2020-07-09","enddate":"","starttime":"","endtime":"","color":"","url":""},{"id":"469","name":"Pinhas","type":"torah","startdate":"2020-07-11","enddate":"","starttime":"","endtime":"","color":"","url":""},{"id":"470","name":"Matoth, Maseh","type":"torah","startdate":"2020-07-18","enddate":"","starttime":"","endtime":"","color":"","url":""},{"id":"471","name":"Debarim, Shabbat Hazon","type":"torah","startdate":"2020-07-25","enddate":"","starttime":"","endtime":"","color":"","url":""},{"id":"472","name":"Tisha B'Av","type":"holiday","startdate":"2020-07-30","enddate":"","starttime":"","endtime":"","color":"","url":""},{"id":"473","name":"Vaethanan, Shabbat Nahamu","type":"torah","startdate":"2020-08-01","enddate":"","starttime":"","endtime":"","color":"","url":""},{"id":"474","name":"Tu B'Av","type":"holiday","startdate":"2020-08-05","enddate":"","starttime":"","endtime":"","color":"","url":""},{"id":"475","name":"Ekeb","type":"torah","startdate":"2020-08-08","enddate":"","starttime":"","endtime":"","color":"","url":""},{"id":"476","name":"Reeh","type":"torah","startdate":"2020-08-15","enddate":"","starttime":"","endtime":"","color":"","url":""},{"id":"477","name":"Shofetim","type":"torah","startdate":"2020-08-22","enddate":"","starttime":"","endtime":"","color":"","url":""},{"id":"478","name":"Ki Tetse","type":"torah","startdate":"2020-08-29","enddate":"","starttime":"","endtime":"","color":"","url":""},{"id":"479","name":"Ki Tabo","type":"torah","startdate":"2020-09-05","enddate":"","starttime":"","endtime":"","color":"","url":""},{"id":"480","name":"Nitsabim, Vayeleh","type":"torah","startdate":"2020-09-12","enddate":"","starttime":"","endtime":"","color":"","url":""},{"id":"481","name":"Erev Rosh Hashanah","type":"holiday","startdate":"2020-09-18","enddate":"","starttime":"","endtime":"","color":"","url":""},{"id":"482","name":"Rosh Hashanah I","type":"holiday","startdate":"2020-09-19","enddate":"","starttime":"","endtime":"","color":"","url":""},{"id":"483","name":"Rosh Hashanah II","type":"holiday","startdate":"2020-09-20","enddate":"","starttime":"","endtime":"","color":"","url":""},{"id":"484","name":"Tzom Gedaliah","type":"holiday","startdate":"2020-09-21","enddate":"","starttime":"","endtime":"","color":"","url":""},{"id":"485","name":"Haazinu, Shabbat Shuva","type":"torah","startdate":"2020-09-26","enddate":"","starttime":"","endtime":"","color":"","url":""},{"id":"486","name":"Erev Yom Kippur","type":"holiday","startdate":"2020-09-27","enddate":"","starttime":"","endtime":"","color":"","url":""},{"id":"487","name":"Yom Kippur","type":"holiday","startdate":"2020-09-28","enddate":"","starttime":"","endtime":"","color":"","url":""},{"id":"488","name":"Erev Sukkot","type":"holiday","startdate":"2020-10-02","enddate":"","starttime":"","endtime":"","color":"","url":""},{"id":"489","name":"Sukkot I","type":"holiday","startdate":"2020-10-03","enddate":"","starttime":"","endtime":"","color":"","url":""},{"id":"490","name":"Sukkot II","type":"holiday","startdate":"2020-10-04","enddate":"","starttime":"","endtime":"","color":"","url":""},{"id":"491","name":"Hol Hamoed Sukkot","type":"holiday","startdate":"2020-10-05","enddate":"","starttime":"","endtime":"","color":"","url":""},{"id":"492","name":"Hol Hamoed Sukkot","type":"holiday","startdate":"2020-10-06","enddate":"","starttime":"","endtime":"","color":"","url":""},{"id":"493","name":"Hol Hamoed Sukkot","type":"holiday","startdate":"2020-10-07","enddate":"","starttime":"","endtime":"","color":"","url":""},{"id":"494","name":"Hol Hamoed Sukkot","type":"holiday","startdate":"2020-10-08","enddate":"","starttime":"","endtime":"","color":"","url":""},{"id":"495","name":"Hoshana Rabbah","type":"holiday","startdate":"2020-10-09","enddate":"","starttime":"","endtime":"","color":"","url":""},{"id":"496","name":"Shemini Azeret","type":"holiday","startdate":"2020-10-10","enddate":"","starttime":"","endtime":"","color":"","url":""},{"id":"497","name":"Simchat Torah","type":"holiday","startdate":"2020-10-11","enddate":"","starttime":"","endtime":"","color":"","url":""},{"id":"498","name":"Isru Chag","type":"holiday","startdate":"2020-10-12","enddate":"","starttime":"","endtime":"","color":"","url":""},{"id":"499","name":"Bereshith","type":"torah","startdate":"2020-10-17","enddate":"","starttime":"","endtime":"","color":"","url":""},{"id":"500","name":"Noah","type":"torah","startdate":"2020-10-24","enddate":"","starttime":"","endtime":"","color":"","url":""},{"id":"501","name":"Le'h Leha","type":"torah","startdate":"2020-10-31","enddate":"","starttime":"","endtime":"","color":"","url":""},{"id":"502","name":"Vayera","type":"torah","startdate":"2020-11-07","enddate":"","starttime":"","endtime":"","color":"","url":""},{"id":"503","name":"Haye Sarah","type":"torah","startdate":"2020-11-14","enddate":"","starttime":"","endtime":"","color":"","url":""},{"id":"504","name":"Toledoth","type":"torah","startdate":"2020-11-21","enddate":"","starttime":"","endtime":"","color":"","url":""},{"id":"505","name":"Vayetse","type":"torah","startdate":"2020-11-28","enddate":"","starttime":"","endtime":"","color":"","url":""},{"id":"506","name":"Vayishlah","type":"torah","startdate":"2020-12-05","enddate":"","starttime":"","endtime":"","color":"","url":""},{"id":"507","name":"Hanukkah I","type":"holiday","startdate":"2020-12-11","enddate":"","starttime":"","endtime":"","color":"","url":""},{"id":"508","name":"Hanukkah II","type":"holiday","startdate":"2020-12-12","enddate":"","starttime":"","endtime":"","color":"","url":""},{"id":"509","name":"Vayesheb","type":"torah","startdate":"2020-12-12","enddate":"","starttime":"","endtime":"","color":"","url":""},{"id":"510","name":"Hanukkah III","type":"holiday","startdate":"2020-12-13","enddate":"","starttime":"","endtime":"","color":"","url":""},{"id":"511","name":"Hanukkah IV","type":"holiday","startdate":"2020-12-14","enddate":"","starttime":"","endtime":"","color":"","url":""},{"id":"512","name":"Hanukkah V","type":"holiday","startdate":"2020-12-15","enddate":"","starttime":"","endtime":"","color":"","url":""},{"id":"513","name":"Hanukkah VI","type":"holiday","startdate":"2020-12-16","enddate":"","starttime":"","endtime":"","color":"","url":""},{"id":"514","name":"Hanukkah VII","type":"holiday","startdate":"2020-12-17","enddate":"","starttime":"","endtime":"","color":"","url":""},{"id":"515","name":"Hanukkah VIII","type":"holiday","startdate":"2020-12-18","enddate":"","starttime":"","endtime":"","color":"","url":""},{"id":"516","name":"Mikkets","type":"torah","startdate":"2020-12-19","enddate":"","starttime":"","endtime":"","color":"","url":""},{"id":"517","name":"Tzom Tevet","type":"holiday","startdate":"2020-12-25","enddate":"","starttime":"","endtime":"","color":"","url":""},{"id":"518","name":"Vayiggash","type":"torah","startdate":"2020-12-26","enddate":"","starttime":"","endtime":"","color":"","url":""}]}